1,Toy Story (1995),Animation|Children's|Comedy
3,Grumpier Old Men (1995),Comedy|Romance
4,Waiting to Exhale (1995),Comedy|Drama
5,Father of the Bride Part II (1995),Comedy
7,Sabrina (1995),Comedy|Romance
11,American President, The (1995),Comedy|Drama|Romance
12,Dracula: Dead and Loving It (1995),Comedy|Horror
19,Ace Ventura: When Nature Calls (1995),Comedy
21,Get Shorty (1995),Action|Comedy|Drama
34,Babe (1995),Children's|Comedy|Drama
38,It Takes Two (1995),Comedy
39,Clueless (1995),Comedy|Romance
45,To Die For (1995),Comedy|Drama
52,Mighty Aphrodite (1995),Comedy
54,Big Green, The (1995),Children's|Comedy
63,Don't Be a Menace to South Central While Drinking Your Juice in the Hood (1996),Comedy
64,Two if by Sea (1996),Comedy|Romance
65,Bio-Dome (1996),Comedy
68,French Twist (Gazon maudit) (1995),Comedy|Romance
69,Friday (1995),Comedy
70,From Dusk Till Dawn (1996),Action|Comedy|Crime|Horror|Thriller
72,Kicking and Screaming (1995),Comedy|Drama
75,Big Bully (1996),Comedy|Drama
84,Last Summer in the Hamptons (1995),Comedy|Drama
87,Dunston Checks In (1996),Children's|Comedy
88,Black Sheep (1996),Comedy
93,Vampire in Brooklyn (1995),Comedy|Romance
96,In the Bleak Midwinter (1995),Comedy
101,Bottle Rocket (1996),Comedy
102,Mr. Wrong (1996),Comedy
104,Happy Gilmore (1996),Comedy
106,Nobody Loves Me (Keiner liebt mich) (1994),Comedy|Drama
107,Muppet Treasure Island (1996),Adventure|Children's|Comedy|Musical
109,Headless Body in Topless Bar (1995),Comedy
115,Happiness Is in the Field (1995),Comedy
118,If Lucy Fell (1996),Comedy|Romance
119,Steal Big, Steal Little (1995),Comedy
122,Boomerang (1992),Comedy|Romance
125,Flirting With Disaster (1996),Comedy
129,Pie in the Sky (1995),Comedy|Romance
133,Nueba Yol (1995),Comedy|Drama
135,Down Periscope (1996),Comedy
141,Birdcage, The (1996),Comedy
144,Brothers McMullen, The (1995),Comedy
153,Batman Forever (1995),Action|Adventure|Comedy|Crime
156,Blue in the Face (1995),Comedy
157,Canadian Bacon (1994),Comedy|War
166,Doom Generation, The (1995),Comedy|Drama
171,Jeffrey (1995),Comedy
174,Jury Duty (1995),Comedy
176,Living in Oblivion (1995),Comedy
178,Love & Human Remains (1993),Comedy
180,Mallrats (1995),Comedy
186,Nine Months (1995),Comedy
187,Party Girl (1995),Comedy
189,Reckless (1995),Comedy
195,Something to Talk About (1995),Comedy|Drama|Romance
203,To Wong Foo, Thanks for Everything! Julie Newmar (1995),Comedy
205,Unstrung Heroes (1995),Comedy|Drama
212,Bushwhacked (1995),Comedy
216,Billy Madison (1995),Comedy
218,Boys on the Side (1995),Comedy|Drama
223,Clerks (1994),Comedy
224,Don Juan DeMarco (1995),Comedy|Drama|Romance
228,Destiny Turns on the Radio (1995),Comedy
231,Dumb & Dumber (1994),Comedy
232,Eat Drink Man Woman (1994),Comedy|Drama
234,Exit to Eden (1994),Comedy
235,Ed Wood (1994),Comedy|Drama
236,French Kiss (1995),Comedy|Romance
237,Forget Paris (1995),Comedy|Romance
239,Goofy Movie, A (1995),Animation|Children's|Comedy|Romance
243,Gordy (1995),Comedy
248,Houseguest (1994),Comedy
250,Heavyweights (1994),Children's|Comedy
252,I.Q. (1994),Comedy|Romance
255,Jerky Boys, The (1994),Comedy
256,Junior (1994),Comedy|Sci-Fi
258,Kid in King Arthur's Court, A (1995),Adventure|Children's|Comedy|Fantasy|Romance
267,Major Payne (1994),Comedy
274,Man of the House (1995),Comedy
275,Mixed Nuts (1994),Comedy
276,Milk Money (1994),Comedy|Romance
278,Miami Rhapsody (1995),Comedy
287,Nina Takes a Lover (1994),Comedy|Romance
289,Only You (1994),Comedy|Romance
294,Perez Family, The (1995),Comedy|Romance
295,Pyromaniac's Love Story, A (1995),Comedy|Romance
298,Pushing Hands (1992),Comedy
304,Roommates (1995),Comedy|Drama
305,Ready to Wear (Pret-A-Porter) (1994),Comedy
310,Rent-a-Kid (1995),Comedy
312,Stuart Saves His Family (1995),Comedy
317,Santa Clause, The (1994),Children's|Comedy|Fantasy
322,Swimming with Sharks (1995),Comedy|Drama
324,Sum of Us, The (1994),Comedy
325,National Lampoon's Senior Trip (1995),Comedy
327,Tank Girl (1995),Action|Comedy|Musical|Sci-Fi
330,Tales from the Hood (1995),Comedy|Horror
333,Tommy Boy (1995),Comedy
339,While You Were Sleeping (1995),Comedy|Romance
342,Muriel's Wedding (1994),Comedy|Romance
344,Ace Ventura: Pet Detective (1994),Comedy
345,Adventures of Priscilla, Queen of the Desert, The (1994),Comedy|Drama
348,Bullets Over Broadway (1994),Comedy
351,Corrina, Corrina (1994),Comedy|Drama|Romance
352,Crooklyn (1994),Comedy
355,Flintstones, The (1994),Children's|Comedy
356,Forrest Gump (1994),Comedy|Romance|War
357,Four Weddings and a Funeral (1994),Comedy|Romance
359,I Like It Like That (1994),Comedy|Drama|Romance
360,I Love Trouble (1994),Action|Comedy
367,Mask, The (1994),Comedy|Crime|Fantasy
368,Maverick (1994),Action|Comedy|Western
370,Naked Gun 33 1/3: The Final Insult (1994),Comedy
371,Paper, The (1994),Comedy|Drama
372,Reality Bites (1994),Comedy|Drama
374,Richie Rich (1994),Children's|Comedy
378,Speechless (1994),Comedy|Romance
380,True Lies (1994),Action|Adventure|Comedy|Romance
387,Low Down Dirty Shame, A (1994),Action|Comedy
390,Faster Pussycat! Kill! Kill! (1965),Action|Comedy|Drama
402,Open Season (1996),Comedy
403,Two Crimes (1995),Comedy|Crime|Drama
410,Addams Family Values (1993),Comedy
411,You So Crazy (1994),Comedy
413,Airheads (1994),Comedy
414,Air Up There, The (1994),Comedy
415,Another Stakeout (1993),Comedy|Thriller
417,Barcelona (1994),Comedy|Romance
419,Beverly Hillbillies, The (1993),Comedy
420,Beverly Hills Cop III (1994),Action|Comedy
429,Cabin Boy (1994),Comedy
432,City Slickers II: The Legend of Curly's Gold (1994),Comedy|Western
433,Clean Slate (1994),Comedy
435,Coneheads (1993),Comedy|Sci-Fi
437,Cops and Robbersons (1994),Comedy
438,Cowboy Way, The (1994),Action|Comedy
440,Dave (1993),Comedy|Romance
441,Dazed and Confused (1993),Comedy
444,Even Cowgirls Get the Blues (1993),Comedy|Romance
445,Fatal Instinct (1993),Comedy
447,Favor, The (1994),Comedy|Romance
449,Fear of a Black Hat (1993),Comedy
450,With Honors (1994),Comedy|Drama
453,For Love or Money (1993),Comedy
460,Getting Even with Dad (1994),Comedy
466,Hot Shots! Part Deux (1993),Action|Comedy|War
467,Live Nude Girls (1995),Comedy
468,Englishman Who Went Up a Hill, But Came Down a Mountain, The (1995),Comedy|Romance
470,House Party 3 (1994),Comedy
471,Hudsucker Proxy, The (1994),Comedy|Romance
472,I'll Do Anything (1994),Comedy|Drama
473,In the Army Now (1994),Comedy|War
476,Inkwell, The (1994),Comedy|Drama
478,Jimmy Hollywood (1994),Comedy
485,Last Action Hero (1993),Action|Comedy
486,Life with Mikey (1993),Comedy
487,Lightning Jack (1994),Comedy|Western
489,Made in America (1993),Comedy
492,Manhattan Murder Mystery (1993),Comedy|Mystery
496,What Happened Was... (1994),Comedy|Drama|Romance
497,Much Ado About Nothing (1993),Comedy|Romance
499,Mr. Wonderful (1993),Comedy|Romance
500,Mrs. Doubtfire (1993),Comedy
505,North (1994),Comedy
513,Radioland Murders (1994),Comedy|Mystery|Romance
514,Ref, The (1994),Comedy
516,Renaissance Man (1994),Comedy|Drama|War
518,Road to Wellville, The (1994),Comedy
520,Robin Hood: Men in Tights (1993),Comedy
532,Serial Mom (1994),Comedy|Crime|Horror
537,Sirens (1994),Comedy|Drama
539,Sleepless in Seattle (1993),Comedy|Romance
542,Son in Law (1993),Comedy
543,So I Married an Axe Murderer (1993),Comedy|Romance|Thriller
550,Threesome (1994),Comedy|Romance
551,Nightmare Before Christmas, The (1993),Children's|Comedy|Musical
552,Three Musketeers, The (1993),Action|Adventure|Comedy
559,Paris, France (1993),Comedy
562,Welcome to the Dollhouse (1995),Comedy|Drama
564,Chasers (1994),Comedy
566,Naked in New York (1994),Comedy|Romance
568,Bhaji on the Beach (1993),Comedy|Drama
569,Little Big League (1994),Children's|Comedy
570,Slingshot, The (Kådisbellan ) (1993),Comedy|Drama
574,Spanking the Monkey (1994),Comedy|Drama
575,Little Rascals, The (1994),Children's|Comedy
576,Fausto (1993),Comedy
582,Metisse (Café au Lait) (1993),Comedy
583,Dear Diary (Caro Diario) (1994),Comedy|Drama
585,Brady Bunch Movie, The (1995),Comedy
586,Home Alone (1990),Children's|Comedy
587,Ghost (1990),Comedy|Romance|Thriller
588,Aladdin (1992),Animation|Children's|Comedy|Musical
597,Pretty Woman (1990),Comedy|Romance
598,Window to Paris (1994),Comedy
603,Bye Bye, Love (1995),Comedy
612,Pallbearer, The (1996),Comedy
618,Two Much (1996),Comedy|Romance
619,Ed (1996),Comedy
626,Thin Line Between Love and Hate, A (1996),Comedy
633,Denise Calls Up (1995),Comedy
634,Theodore Rex (1995),Comedy
635,Family Thing, A (1996),Comedy|Drama
637,Sgt. Bilko (1996),Comedy
639,Girl 6 (1996),Comedy
641,Little Indian, Big City (Un indien dans la ville) (1994),Comedy
643,Peanuts - Die Bank zahlt alles (1996),Comedy
644,Happy Weekend (1996),Comedy
649,Cold Fever (Á köldum klaka) (1994),Comedy|Drama
651,Superweib, Das (1996),Comedy
655,Mutters Courage (1995),Comedy
656,Eddie (1996),Comedy
657,Yankee Zulu (1994),Comedy|Drama
663,Kids in the Hall: Brain Candy (1996),Comedy
664,Faithful (1996),Comedy
671,Mystery Science Theater 3000: The Movie (1996),Comedy|Sci-Fi
673,Space Jam (1996),Adventure|Animation|Children's|Comedy|Fantasy
688,Operation Dumbo Drop (1995),Action|Adventure|Comedy|War
691,Mrs. Winterbourne (1996),Comedy|Romance
700,Angus (1995),Comedy
705,Cosi (1996),Comedy
708,Truth About Cats & Dogs, The (1996),Comedy|Romance
710,Celtic Pride (1996),Comedy
717,Mouth to Mouth (Boca a boca) (1995),Comedy
718,Visitors, The (Les Visiteurs) (1993),Comedy|Sci-Fi
719,Multiplicity (1996),Comedy
725,Great White Hype, The (1996),Comedy
728,Cold Comfort Farm (1995),Comedy
734,Getting Away With Murder (1996),Comedy
735,Cemetery Man (Dellamorte Dellamore) (1994),Comedy|Horror
739,Honigmond (1996),Comedy
743,Spy Hard (1996),Comedy
745,Close Shave, A (1995),Animation|Comedy|Thriller
747,Stupids, The (1996),Comedy
751,Careful (1992),Comedy
752,Vermont Is For Lovers (1992),Comedy|Romance
753,Month by the Lake, A (1995),Comedy|Drama
762,Striptease (1996),Comedy|Crime
765,Jack (1996),Comedy|Drama
771,Vie est belle, La (Life is Rosey) (1987),Comedy|Drama
772,Quartier Mozart (1992),Comedy
776,Babyfever (1994),Comedy|Drama
784,Cable Guy, The (1996),Comedy
785,Kingpin (1996),Comedy
788,Nutty Professor, The (1996),Comedy|Fantasy|Romance|Sci-Fi
794,Midnight Dancers (Sibak) (1994),Comedy|Drama
797,Old Lady Who Walked in the Sea, The (Vieille qui marchait dans la mer, La) (1991),Comedy
799,Frighteners, The (1996),Comedy|Horror
801,Harriet the Spy (1996),Children's|Comedy
804,She's the One (1996),Comedy|Romance
807,Rendezvous in Paris (Rendez-vous de Paris, Les) (1995),Comedy|Romance
810,Kazaam (1996),Children's|Comedy|Fantasy
811,Bewegte Mann, Der (1994),Comedy
813,Larger Than Life (1996),Comedy
818,Very Brady Sequel, A (1996),Comedy
819,Stefano Quantestorie (1993),Comedy|Drama
825,Echte Kerle (1996),Comedy|Romance
829,Joe's Apartment (1996),Comedy|Musical
830,First Wives Club, The (1996),Comedy
833,High School High (1996),Comedy
834,Phat Beach (1996),Comedy
837,Matilda (1996),Children's|Comedy
838,Emma (1996),Comedy|Drama|Romance
840,House Arrest (1996),Comedy
847,Big Squeeze, The (1996),Comedy|Drama
852,Tin Cup (1996),Comedy|Romance
856,Mille bolle blu (1993),Comedy
860,Maybe, Maybe Not (Bewegte Mann, Der) (1994),Comedy
863,Celestial Clockwork (1994),Comedy
864,Wife, The (1995),Comedy|Drama
867,Carpool (1996),Comedy|Crime
868,Death in Brunswick (1991),Comedy
870,Gone Fishin' (1997),Comedy
871,Lover's Knot (1996),Comedy
881,First Kid (1996),Children's|Comedy
892,Twelfth Night (1996),Comedy|Drama|Romance
898,Philadelphia Story, The (1940),Comedy|Romance
901,Funny Face (1957),Comedy|Musical
905,It Happened One Night (1934),Comedy
907,Gay Divorcee, The (1934),Comedy|Musical|Romance
909,Apartment, The (1960),Comedy|Drama
910,Some Like It Hot (1959),Comedy|Crime
911,Charade (1963),Comedy|Mystery|Romance|Thriller
915,Sabrina (1954),Comedy|Romance
916,Roman Holiday (1953),Comedy|Romance
921,My Favorite Year (1982),Comedy
927,Women, The (1939),Comedy
933,To Catch a Thief (1955),Comedy|Romance|Thriller
934,Father of the Bride (1950),Comedy
935,Band Wagon, The (1953),Comedy|Musical
936,Ninotchka (1939),Comedy|Romance
937,Love in the Afternoon (1957),Comedy|Romance
939,Reluctant Debutante, The (1958),Comedy|Drama
945,Top Hat (1935),Comedy|Musical|Romance
946,To Be or Not to Be (1942),Comedy|Drama|War
947,My Man Godfrey (1936),Comedy
951,His Girl Friday (1940),Comedy
952,Around the World in 80 Days (1956),Adventure|Comedy
955,Bringing Up Baby (1938),Comedy
958,Lady of Burlesque (1943),Comedy|Mystery
970,Beat the Devil (1954),Comedy|Drama
975,Something to Sing About (1937),Comedy|Musical
984,Pompatus of Love, The (1996),Comedy|Drama
988,Grace of My Heart (1996),Comedy|Drama
1001,Associate, The (L'Associe)(1982),Comedy
1002,Ed's Next Move (1996),Comedy
1005,D3: The Mighty Ducks (1996),Children's|Comedy
1007,Apple Dumpling Gang, The (1975),Children's|Comedy|Western
1010,Love Bug, The (1969),Children's|Comedy
1011,Herbie Rides Again (1974),Adventure|Children's|Comedy
1014,Pollyanna (1960),Children's|Comedy|Drama
1016,Shaggy Dog, The (1959),Children's|Comedy
1018,That Darn Cat! (1965),Children's|Comedy|Mystery
1020,Cool Runnings (1993),Comedy
1021,Angels in the Outfield (1994),Children's|Comedy
1028,Mary Poppins (1964),Children's|Comedy|Musical
1042,That Thing You Do! (1996),Comedy
1045,Love Is All There Is (1996),Comedy|Drama
1057,Everyone Says I Love You (1996),Comedy|Musical|Romance
1060,Swingers (1996),Comedy|Drama
1064,Aladdin and the King of Thieves (1996),Animation|Children's|Comedy
1066,Shall We Dance? (1937),Comedy|Musical|Romance
1067,Damsel in Distress, A (1937),Comedy|Musical|Romance
1073,Willy Wonka and the Chocolate Factory (1971),Adventure|Children's|Comedy|Fantasy
1075,Sexual Life of the Belgians, The (1994),Comedy
1077,Sleeper (1973),Comedy|Sci-Fi
1078,Bananas (1971),Comedy|War
1079,Fish Called Wanda, A (1988),Comedy
1080,Monty Python's Life of Brian (1979),Comedy
1081,Victor/Victoria (1982),Comedy|Musical
1083,Great Race, The (1965),Comedy|Musical
1091,Weekend at Bernie's (1989),Comedy
1098,Search for One-eye Jimmy, The (1996),Comedy
1107,Loser (1991),Comedy
1113,Associate, The (1996),Comedy
1115,Sleepover (1995),Comedy|Drama
1125,Return of the Pink Panther, The (1974),Comedy
1126,Drop Dead Fred (1991),Comedy|Fantasy
1133,Talking About Sex (1994),Comedy|Drama
1135,Private Benjamin (1980),Comedy
1136,Monty Python and the Holy Grail (1974),Comedy
1143,Three Lives and Only One Death (1996),Comedy
1146,Curtis's Charm (1995),Comedy|Drama
1148,Wrong Trousers, The (1993),Animation|Comedy
1151,Faust (1994),Animation|Comedy|Thriller
1158,Here Comes Cookie (1935),Comedy
1160,Six of a Kind (1934),Comedy
1162,Ruling Class, The (1972),Comedy
1166,Farmer & Chase (1995),Comedy
1167,Dear God (1996),Comedy
1171,Bob Roberts (1992),Comedy
1172,Cinema Paradiso (1988),Comedy|Drama|Romance
1174,Grosse Fatigue (1994),Comedy
1175,Delicatessen (1991),Comedy|Sci-Fi
1180,Hear My Song (1991),Comedy
1184,Mediterraneo (1991),Comedy|War
1188,Strictly Ballroom (1992),Comedy|Romance
1194,Up in Smoke (1978),Comedy
1197,Princess Bride, The (1987),Action|Adventure|Comedy|Romance
1202,Withnail and I (1987),Comedy
1211,Wings of Desire (Der Himmel über Berlin) (1987),Comedy|Drama|Romance
1215,Army of Darkness (1993),Action|Adventure|Comedy|Horror|Sci-Fi
1220,Blues Brothers, The (1980),Action|Comedy|Musical
1223,Grand Day Out, A (1992),Animation|Comedy
1226,Quiet Man, The (1952),Comedy|Romance
1230,Annie Hall (1977),Comedy|Romance
1234,Sting, The (1973),Comedy|Crime
1235,Harold and Maude (1971),Comedy
1236,Trust (1990),Comedy|Drama
1238,Local Hero (1983),Comedy
1241,Braindead (1992),Comedy|Horror
1243,Rosencrantz and Guildenstern Are Dead (1990),Comedy|Drama
1244,Manhattan (1979),Comedy|Drama|Romance
1255,Bad Taste (1987),Comedy|Horror
1256,Duck Soup (1933),Comedy|War
1257,Better Off Dead... (1985),Comedy
1259,Stand by Me (1986),Adventure|Comedy|Drama
1261,Evil Dead II (Dead By Dawn) (1987),Action|Adventure|Comedy|Horror
1265,Groundhog Day (1993),Comedy|Romance
1269,Arsenic and Old Lace (1944),Comedy|Mystery|Thriller
1270,Back to the Future (1985),Comedy|Sci-Fi
1273,Down by Law (1986),Comedy|Drama
1276,Cool Hand Luke (1967),Comedy|Drama
1278,Young Frankenstein (1974),Comedy|Horror
1279,Night on Earth (1991),Comedy|Drama
1281,Great Dictator, The (1940),Comedy
1285,Heathers (1989),Comedy
1288,This Is Spinal Tap (1984),Comedy|Drama|Musical
1292,Being There (1979),Comedy
1294,M*A*S*H (1970),Comedy|War
1297,Real Genius (1985),Comedy
1304,Butch Cassidy and the Sundance Kid (1969),Action|Comedy|Western
1307,When Harry Met Sally... (1989),Comedy|Romance
1308,I Shot a Man in Vegas (1995),Comedy
1311,Santa with Muscles (1996),Comedy
1317,I'm Not Rappaport (1996),Comedy
1318,Blue Juice (1995),Comedy|Drama
1330,April Fool's Day (1986),Comedy|Horror
1353,Mirror Has Two Faces, The (1996),Comedy|Romance
1359,Jingle All the Way (1996),Adventure|Children's|Comedy
1367,101 Dalmatians (1996),Children's|Comedy
1377,Batman Returns (1992),Action|Adventure|Comedy|Crime
1378,Young Guns (1988),Action|Comedy|Western
1379,Young Guns II (1990),Action|Comedy|Western
1380,Grease (1978),Comedy|Musical|Romance
1381,Grease 2 (1982),Comedy|Musical|Romance
1390,My Fellow Americans (1996),Comedy
1391,Mars Attacks! (1996),Action|Comedy|Sci-Fi|War
1392,Citizen Ruth (1996),Comedy|Drama
1394,Raising Arizona (1987),Comedy
1395,Tin Men (1987),Comedy|Drama
1405,Beavis and Butt-head Do America (1996),Animation|Comedy
1409,Michael (1996),Comedy|Romance
1410,Evening Star, The (1996),Comedy|Drama
1414,Mother (1996),Comedy
1425,Fierce Creatures (1997),Comedy
1431,Beverly Hills Ninja (1997),Action|Comedy
1433,Machine, The (1994),Comedy|Horror
1436,Falling in Love Again (1980),Comedy
1439,Meet Wally Sparks (1997),Comedy
1440,Amos & Andrew (1993),Comedy
1441,Benny & Joon (1993),Comedy|Romance
1444,Guantanamera (1994),Comedy
1445,McHale's Navy (1997),Comedy|War
1446,Kolya (1996),Comedy
1449,Waiting for Guffman (1996),Comedy
1453,Beautician and the Beast, The (1997),Comedy|Romance
1454,SubUrbia (1997),Comedy
1455,Hotel de Love (1996),Comedy|Romance
1456,Pest, The (1997),Comedy
1457,Fools Rush In (1997),Comedy|Romance
1460,That Darn Cat! (1997),Children's|Comedy|Mystery
1461,Vegas Vacation (1997),Comedy
1463,That Old Feeling (1997),Comedy|Romance
1467,Salut cousin! (1996),Comedy|Drama
1468,Booty Call (1997),Comedy|Romance
1473,Best Men (1997),Action|Comedy|Crime|Drama
1474,Jungle2Jungle (a.k.a. Jungle 2 Jungle) (1997),Children's|Comedy
1476,Private Parts (1997),Comedy|Drama
1482,Van, The (1996),Comedy|Drama
1485,Liar Liar (1997),Comedy
1490,B*A*P*S (1997),Comedy
1494,Sixth Man, The (1997),Comedy
1500,Grosse Pointe Blank (1997),Comedy|Crime
1503,8 Heads in a Duffel Bag (1997),Comedy
1511,A Chef in Love (1996),Comedy
1513,Romy and Michele's High School Reunion (1997),Comedy
1516,Children of the Revolution (1996),Comedy
1517,Austin Powers: International Man of Mystery (1997),Comedy
1526,Fathers' Day (1997),Comedy
1528,Intimate Relations (1996),Comedy
1532,Sprung (1997),Comedy
1537,Shall We Dance? (Shall We Dansu?) (1996),Comedy
1539,Twin Town (1997),Comedy|Crime
1541,Addicted to Love (1997),Comedy|Romance
1542,Brassed Off (1996),Comedy|Drama|Romance
1546,Schizopolis (1996),Comedy
1550,Trial and Error (1997),Comedy|Romance
1553,Late Bloomers (1996),Comedy
1558,Sudden Manhattan (1996),Comedy
1561,Wedding Bell Blues (1996),Comedy
1564,Roseanna's Grave (For Roseanna) (1997),Comedy|Romance
1565,Head Above Water (1996),Comedy|Thriller
1566,Hercules (1997),Adventure|Animation|Children's|Comedy|Musical
1569,My Best Friend's Wedding (1997),Comedy|Romance
1571,When the Cats Away (Chacun cherche son chat) (1996),Comedy|Romance
1580,Men in Black (1997),Action|Adventure|Comedy|Sci-Fi
1581,Out to Sea (1997),Comedy
1585,Love Serenade (1996),Comedy
1588,George of the Jungle (1997),Children's|Comedy
1592,Air Bud (1997),Children's|Comedy
1593,Picture Perfect (1997),Comedy|Romance
1602,Leave It to Beaver (1997),Comedy
1604,Money Talks (1997),Action|Comedy
1612,Kiss Me, Guido (1997),Comedy
1614,In & Out (1997),Comedy
1622,Kicked in the Head (1997),Comedy|Drama
1629,MatchMaker, The (1997),Comedy|Romance
1630,Lay of the Land, The (1997),Comedy|Drama
1632,Smile Like Yours, A (1997),Comedy|Romance
1640,How to Be a Player (1997),Comedy
1641,Full Monty, The (1997),Comedy
1642,Indian Summer (a.k.a. Alive & Kicking) (1996),Comedy|Drama
1646,Rocket Man (1997),Comedy
1648,House of Yes, The (1997),Comedy|Drama|Thriller
1663,Stripes (1981),Comedy
1665,Bean (1997),Comedy
1677,Critical Care (1997),Comedy
1679,Chairman of the Board (1998),Comedy
1689,Man Who Knew Too Little, The (1997),Comedy|Mystery
1698,Boys, Les (1997),Comedy
1701,Deconstructing Harry (1997),Comedy|Drama
1702,Flubber (1997),Children's|Comedy|Fantasy
1703,For Richer or Poorer (1997),Comedy
1707,Home Alone 3 (1997),Children's|Comedy
1711,Midnight in the Garden of Good and Evil (1997),Comedy|Crime|Drama|Mystery
1713,Mouse Hunt (1997),Children's|Comedy
1723,Twisted (1996),Comedy|Drama
1731,Mr. Magoo (1997),Comedy
1732,Big Lebowski, The (1998),Comedy|Crime|Mystery|Thriller
1734,My Life in Pink (Ma vie en rose) (1997),Comedy|Drama
1738,Vermin (1998),Comedy
1746,Senseless (1998),Comedy
1747,Wag the Dog (1997),Comedy|Drama
1753,Half Baked (1998),Comedy
1760,Spice World (1997),Comedy|Musical
1764,Tainted (1998),Comedy|Thriller
1772,Blues Brothers 2000 (1998),Action|Comedy|Musical
1774,Mass Transit (1998),Comedy|Drama
1777,Wedding Singer, The (1998),Comedy|Romance
1782,Little City (1998),Comedy|Romance
1784,As Good As It Gets (1997),Comedy|Drama
1793,Welcome to Woop-Woop (1997),Comedy
1794,Love and Death on Long Island (1997),Comedy|Drama
1806,Paulie (1998),Adventure|Children's|Comedy
1809,Hana-bi (1997),Comedy|Crime|Drama
1812,Wide Awake (1998),Children's|Comedy|Drama
1816,Two Girls and a Guy (1997),Comedy|Drama
1817,No Looking Back (1998),Comedy|Drama|Romance
1821,Object of My Affection, The (1998),Comedy|Romance
1822,Meet the Deedles (1998),Children's|Comedy
1824,Homegrown (1998),Comedy|Thriller
1827,Big One, The (1997),Comedy|Documentary
1830,Follow the Bitch (1998),Comedy
1837,Odd Couple II, The (1998),Comedy
1839,My Giant (1998),Comedy
1843,Slappy and the Stinkers (1998),Children's|Comedy
1845,Zero Effect (1998),Comedy|Thriller
1848,Borrowers, The (1997),Adventure|Children's|Comedy|Fantasy
1853,Alan Smithee Film: Burn Hollywood Burn, An (1997),Comedy
1854,Kissing a Fool (1998),Comedy|Romance
1855,Krippendorf's Tribe (1998),Comedy
1857,Real Blonde, The (1997),Comedy
1858,Mr. Nice Guy (1997),Action|Comedy
1861,Junk Mail (1997),Comedy|Thriller
1863,Major League: Back to the Minors (1998),Comedy
1864,Sour Grapes (1998),Comedy
1866,Big Hit, The (1998),Action|Comedy
1870,Dancer, Texas Pop. 81 (1998),Comedy|Drama
1871,Friend of the Deceased, A (1997),Comedy|Drama
1874,Still Breathing (1997),Comedy|Romance
1875,Clockwatchers (1997),Comedy
1878,Woo (1998),Comedy|Romance
1883,Bulworth (1998),Comedy
1884,Fear and Loathing in Las Vegas (1998),Comedy|Drama
1885,Opposite of Sex, The (1998),Comedy|Drama
1886,I Got the Hook Up (1998),Comedy
1887,Almost Heroes (1998),Adventure|Comedy
1888,Hope Floats (1998),Comedy|Drama|Romance
1894,Six Days Seven Nights (1998),Adventure|Comedy|Romance
1895,Can't Hardly Wait (1998),Comedy|Drama|Romance
1896,Cousin Bette (1998),Comedy
1903,Hav Plenty (1997),Comedy
1904,Henry Fool (1997),Comedy|Drama
1906,Mr. Jealousy (1997),Comedy|Romance
1910,I Went Down (1997),Action|Comedy|Crime
1911,Doctor Dolittle (1998),Comedy
1914,Smoke Signals (1998),Comedy|Drama
1916,Buffalo 66 (1998),Action|Comedy|Drama
1918,Lethal Weapon 4 (1998),Action|Comedy|Crime|Drama
1919,Madeline (1998),Children's|Comedy
1923,There's Something About Mary (1998),Comedy
1934,You Can't Take It With You (1938),Comedy
1937,Going My Way (1944),Comedy
1948,Tom Jones (1963),Comedy
1958,Terms of Endearment (1983),Comedy|Drama
1963,Take the Money and Run (1969),Comedy
1965,Repo Man (1984),Comedy|Sci-Fi
1966,Metropolitan (1990),Comedy
1968,Breakfast Club, The (1985),Comedy|Drama
2000,Lethal Weapon (1987),Action|Comedy|Crime|Drama
2001,Lethal Weapon 2 (1989),Action|Comedy|Crime|Drama
2002,Lethal Weapon 3 (1992),Action|Comedy|Crime|Drama
2003,Gremlins (1984),Comedy|Horror
2004,Gremlins 2: The New Batch (1990),Comedy|Horror
2007,Polish Wedding (1998),Comedy
2011,Back to the Future Part II (1989),Comedy|Sci-Fi
2012,Back to the Future Part III (1990),Comedy|Sci-Fi|Western
2014,Freaky Friday (1977),Children's|Comedy
2015,Absent Minded Professor, The (1961),Children's|Comedy|Fantasy
2016,Apple Dumpling Gang Rides Again, The (1979),Children's|Comedy|Western
2027,Mafia! (1998),Comedy|Crime
2029,Billy's Hollywood Screen Kiss (1997),Comedy|Romance
2031,$1,000,000 Duck (1971),Children's|Comedy
2032,Barefoot Executive, The (1971),Children's|Comedy
2035,Blackbeard's Ghost (1968),Children's|Comedy
2036,Blank Check (1994),Children's|Comedy
2037,Candleshoe (1977),Adventure|Children's|Comedy
2038,Cat from Outer Space, The (1978),Children's|Comedy|Sci-Fi
2040,Computer Wore Tennis Shoes, The (1970),Children's|Comedy
2041,Condorman (1981),Action|Adventure|Children's|Comedy
2042,D2: The Mighty Ducks (1994),Children's|Comedy
2044,Devil and Max Devlin, The (1981),Comedy
2049,Happiest Millionaire, The (1967),Comedy|Musical
2050,Herbie Goes Bananas (1980),Adventure|Children's|Comedy
2051,Herbie Goes to Monte Carlo (1977),Adventure|Children's|Comedy
2052,Hocus Pocus (1993),Children's|Comedy
2053,Honey, I Blew Up the Kid (1992),Children's|Comedy|Sci-Fi
2054,Honey, I Shrunk the Kids (1989),Adventure|Children's|Comedy|Fantasy|Sci-Fi
2055,Hot Lead and Cold Feet (1978),Comedy|Western
2060,BASEketball (1998),Comedy
2064,Roger & Me (1989),Comedy|Documentary
2065,Purple Rose of Cairo, The (1985),Comedy|Drama|Romance
2072,'burbs, The (1989),Comedy
2073,Fandango (1985),Comedy
2078,Jungle Book, The (1967),Animation|Children's|Comedy|Musical
2080,Lady and the Tramp (1955),Animation|Children's|Comedy|Musical|Romance
2081,Little Mermaid, The (1989),Animation|Children's|Comedy|Musical|Romance
2082,Mighty Ducks, The (1992),Children's|Comedy
2088,Popeye (1980),Adventure|Comedy|Musical
2095,Shaggy D.A., The (1976),Children's|Comedy
2098,Son of Flubber (1963),Children's|Comedy
2100,Splash (1984),Comedy|Fantasy|Romance
2102,Steamboat Willie (1940),Animation|Children's|Comedy|Musical
2108,L.A. Story (1991),Comedy|Romance
2109,Jerk, The (1979),Comedy
2110,Dead Men Don't Wear Plaid (1982),Comedy|Crime|Thriller
2111,Man with Two Brains, The (1983),Comedy
2124,Addams Family, The (1991),Comedy
2128,Safe Men (1998),Comedy
2133,Adventures in Babysitting (1987),Adventure|Comedy
2134,Weird Science (1985),Comedy
2136,Nutty Professor, The (1963),Comedy
2141,American Tail, An (1986),Animation|Children's|Comedy
2142,American Tail: Fievel Goes West, An (1991),Animation|Children's|Comedy
2144,Sixteen Candles (1984),Comedy
2145,Pretty in Pink (1986),Comedy|Drama|Romance
2148,House (1986),Comedy|Horror
2149,House II: The Second Story (1987),Comedy|Horror
2150,Gods Must Be Crazy, The (1980),Comedy
2151,Gods Must Be Crazy II, The (1989),Comedy
2152,Air Bud: Golden Receiver (1998),Children's|Comedy
2155,Slums of Beverly Hills, The (1998),Comedy
2156,Best Man, The (Il Testimone dello sposo) (1997),Comedy|Drama
2163,Attack of the Killer Tomatoes! (1980),Comedy|Horror
2169,Dead Man on Campus (1998),Comedy
2170,Wrongfully Accused (1998),Action|Comedy
2171,Next Stop, Wonderland (1998),Comedy|Drama|Romance
2172,Strike! (a.k.a. All I Wanna Do, The Hairy Bird) (1998),Comedy
2174,Beetlejuice (1988),Comedy|Fantasy
2177,Family Plot (1976),Comedy|Thriller
2191,Merry War, A (1997),Comedy
2195,Dirty Work (1998),Comedy
2205,Mr. & Mrs. Smith (1941),Comedy
2208,Lady Vanishes, The (1938),Comedy|Mystery|Romance|Thriller
2213,Waltzes from Vienna (1933),Comedy|Musical
2215,Rich and Strange (1932),Comedy|Romance
2217,Elstree Calling (1930),Comedy|Musical
2222,Champagne (1928),Comedy
2223,Farmer's Wife, The (1928),Comedy
2230,Always Tell Your Wife (1923),Comedy
2238,Seven Beauties (Pasqualino Settebellezze) (1976),Comedy|Drama
2239,Swept Away (Travolti da un insolito destino nell'azzurro mare d'Agosto) (1975),Comedy|Drama
2241,Class (1983),Comedy
2243,Broadcast News (1987),Comedy|Drama|Romance
2244,Allnighter, The (1987),Comedy|Romance
2245,Working Girl (1988),Comedy|Drama
2246,Stars and Bars (1988),Comedy
2247,Married to the Mob (1988),Comedy
2248,Say Anything... (1989),Comedy|Drama|Romance
2249,My Blue Heaven (1990),Comedy
2251,Cabinet of Dr. Ramirez, The (1991),Comedy
2252,Hero (1992),Comedy|Drama
2253,Toys (1992),Action|Comedy|Fantasy
2255,Young Doctors in Love (1982),Comedy
2257,No Small Affair (1984),Comedy|Romance
2259,Blame It on Rio (1984),Comedy|Romance
2261,One Crazy Summer (1986),Comedy
2262,About Last Night... (1986),Comedy|Drama|Romance
2265,Nothing But Trouble (1991),Adventure|Comedy
2266,Butcher's Wife, The (1991),Comedy|Romance
2282,Pecker (1998),Comedy|Drama
2286,Fiendish Plot of Dr. Fu Manchu, The (1980),Comedy
2289,Player, The (1992),Comedy|Drama
2290,Stardust Memories (1980),Comedy|Drama
2295,Impostors, The (1998),Comedy
2296,Night at the Roxbury, A (1998),Comedy
2299,Battle of the Sexes, The (1959),Comedy
2300,Producers, The (1968),Comedy|Musical
2301,History of the World: Part I (1981),Comedy
2302,My Cousin Vinny (1992),Comedy
2306,Holy Man (1998),Comedy
2317,Alarmist, The (1997),Comedy
2318,Happiness (1998),Comedy
2319,Reach the Rock (1997),Comedy
2321,Pleasantville (1998),Comedy
2324,Life Is Beautiful (La Vita è bella) (1997),Comedy|Drama
2325,Orgazmo (1997),Comedy
2331,Living Out Loud (1998),Comedy|Romance
2335,Waterboy, The (1998),Comedy
2339,I'll Be Home For Christmas (1998),Comedy|Romance
2342,Hard Core Logo (1996),Comedy
2349,Mona Lisa (1986),Comedy|Thriller
2350,Heart Condition (1990),Comedy
2352,Big Chill, The (1983),Comedy|Drama
2354,Rugrats Movie, The (1998),Animation|Children's|Comedy
2355,Bug's Life, A (1998),Animation|Children's|Comedy
2356,Celebrity (1998),Comedy
2359,Waking Ned Devine (1998),Comedy
2361,Pink Flamingos (1972),Comedy
2369,Desperately Seeking Susan (1985),Comedy|Romance
2371,Fletch (1985),Comedy
2372,Fletch Lives (1989),Comedy
2374,Gung Ho (1986),Comedy|Drama
2375,Money Pit, The (1986),Comedy
2378,Police Academy (1984),Comedy
2379,Police Academy 2: Their First Assignment (1985),Comedy
2380,Police Academy 3: Back in Training (1986),Comedy
2381,Police Academy 4: Citizens on Patrol (1987),Comedy
2382,Police Academy 5: Assignment: Miami Beach (1988),Comedy
2383,Police Academy 6: City Under Siege (1989),Comedy
2384,Babe: Pig in the City (1998),Children's|Comedy
2385,Home Fries (1998),Comedy|Romance
2387,Very Bad Things (1998),Comedy|Crime
2390,Little Voice (1998),Comedy
2392,Jack Frost (1998),Comedy|Drama
2395,Rushmore (1998),Comedy
2396,Shakespeare in Love (1998),Comedy|Romance
2405,Jewel of the Nile, The (1985),Action|Adventure|Comedy|Romance
2406,Romancing the Stone (1984),Action|Adventure|Comedy|Romance
2407,Cocoon (1985),Comedy|Sci-Fi
2408,Cocoon: The Return (1988),Comedy|Sci-Fi
2413,Clue (1985),Comedy|Mystery
2416,Back to School (1986),Comedy
2417,Heartburn (1986),Comedy|Drama
2418,Nothing in Common (1986),Comedy
2423,Christmas Vacation (1989),Comedy
2424,You've Got Mail (1998),Comedy|Romance
2426,Theory of Flight, The (1998),Comedy|Drama|Romance
2431,Patch Adams (1998),Comedy|Drama
2436,Tea with Mussolini (1999),Comedy
2444,24 7: Twenty Four Seven (1997),Comedy|Drama
2447,Varsity Blues (1999),Comedy|Drama
2457,Running Scared (1986),Action|Comedy
2458,Armed and Dangerous (1986),Comedy|Crime
2463,Ruthless People (1986),Comedy
2468,Jumpin' Jack Flash (1986),Action|Comedy|Romance|Thriller
2469,Peggy Sue Got Married (1986),Comedy|Romance
2470,Crocodile Dundee (1986),Adventure|Comedy
2471,Crocodile Dundee II (1988),Adventure|Comedy
2472,Tough Guys (1986),Comedy
2473,Soul Man (1986),Comedy
2478,Three Amigos! (1986),Comedy|Western
2482,Still Crazy (1998),Comedy|Romance
2483,Day of the Beast, The (El Día de la bestia) (1995),Comedy|Horror|Thriller
2484,Tinseltown (1998),Comedy
2485,She's All That (1999),Comedy|Romance
2487,Blood, Guts, Bullets and Octane (1998),Action|Comedy
2491,Simply Irresistible (1999),Comedy|Romance
2492,20 Dates (1998),Comedy
2496,Blast from the Past (1999),Comedy|Romance
2498,My Favorite Martian (1999),Comedy|Sci-Fi
2499,God Said 'Ha!' (1998),Comedy
2500,Jawbreaker (1999),Comedy
2502,Office Space (1999),Comedy|Romance
2504,200 Cigarettes (1999),Comedy|Drama
2506,Other Sister, The (1999),Comedy|Drama|Romance
2507,Breakfast of Champions (1999),Comedy
2509,Eight Days a Week (1997),Comedy
2510,Just the Ticket (1999),Comedy|Romance
2518,Night Shift (1982),Comedy
2539,Analyze This (1999),Comedy
2542,Lock, Stock & Two Smoking Barrels (1998),Comedy|Crime|Thriller
2543,Six Ways to Sunday (1997),Comedy
2545,Relax... It's Just Sex (1998),Comedy
2552,My Boyfriend's Back (1993),Comedy
2555,Baby Geniuses (1999),Comedy
2556,Telling You (1998),Comedy|Drama|Romance
2558,Forces of Nature (1999),Comedy|Romance
2567,EDtv (1999),Comedy
2572,10 Things I Hate About You (1999),Comedy|Romance
2574,Out-of-Towners, The (1999),Comedy
2577,Metroland (1997),Comedy|Drama
2581,Never Been Kissed (1999),Comedy|Romance
2582,Twin Dragons (Shuang long hui) (1992),Action|Comedy
2584,Foolish (1999),Comedy
2586,Goodbye, Lover (1999),Comedy|Crime|Thriller
2587,Life (1999),Comedy
2589,Friends & Lovers (1999),Comedy|Drama|Romance
2591,Jeanne and the Perfect Guy (Jeanne et le garçon formidable) (1998),Comedy|Romance
2593,Monster, The (Il Mostro) (1994),Comedy
2596,SLC Punk! (1998),Comedy|Drama
2597,Lost & Found (1999),Comedy|Romance
2598,Pushing Tin (1999),Comedy
2599,Election (1999),Comedy
2601,Little Bit of Soul, A (1998),Comedy
2606,Idle Hands (1999),Comedy|Horror
2618,Castle, The (1997),Comedy
2622,Midsummer Night's Dream, A (1999),Comedy|Fantasy
2623,Trippin' (1999),Comedy
2626,Edge of Seventeen (1998),Comedy|Drama|Romance
2629,Love Letter, The (1999),Comedy|Romance
2631,Frogs for Snakes (1998),Comedy|Film-Noir|Thriller
2657,Rocky Horror Picture Show, The (1975),Comedy|Horror|Musical|Sci-Fi
2659,It Came from Hollywood (1982),Comedy|Documentary
2671,Notting Hill (1999),Comedy|Romance
2675,Twice Upon a Yesterday (1998),Comedy|Drama|Romance
2681,Free Enterprise (1998),Comedy|Romance|Sci-Fi
2683,Austin Powers: The Spy Who Shagged Me (1999),Comedy
2684,Taxman (1999),Comedy|Drama
2685,Red Dwarf, The (Le Nain rouge) (1998),Comedy|Drama
2690,Ideal Husband, An (1999),Comedy
2694,Big Daddy (1999),Comedy
2696,Dinner Game, The (Le Dîner de cons) (1998),Comedy
2697,My Son the Fanatic (1998),Comedy|Drama|Romance
2699,Arachnophobia (1990),Action|Comedy|Sci-Fi|Thriller
2700,South Park: Bigger, Longer and Uncut (1999),Animation|Comedy
2706,American Pie (1999),Comedy
2709,Muppets From Space (1999),Children's|Comedy
2715,Velocity of Gary, The (1998),Comedy|Romance
2716,Ghostbusters (1984),Comedy|Horror
2717,Ghostbusters II (1989),Comedy|Horror
2718,Drop Dead Gorgeous (1999),Comedy
2720,Inspector Gadget (1999),Action|Adventure|Children's|Comedy
2723,Mystery Men (1999),Action|Adventure|Comedy
2724,Runaway Bride (1999),Comedy|Romance
2733,Vibes (1988),Adventure|Comedy
2735,Golden Child, The (1986),Action|Adventure|Comedy
2736,Brighton Beach Memoirs (1986),Comedy
2738,Crimes of the Heart (1986),Comedy|Drama
2742,Ménage (Tenue de soirée) (1986),Comedy|Drama
2746,Little Shop of Horrors (1986),Comedy|Horror|Musical
2747,Little Shop of Horrors, The (1960),Comedy|Horror
2750,Radio Days (1987),Comedy|Drama
2751,From the Hip (1987),Comedy
2752,Outrageous Fortune (1987),Comedy|Mystery
2759,Dick (1999),Comedy
2765,Acid House, The (1998),Comedy|Drama
2766,Adventures of Sebastian Cole, The (1998),Comedy|Drama
2767,Illuminata (1998),Comedy
2768,Stiff Upper Lips (1998),Comedy
2770,Bowfinger (1999),Comedy
2772,Detroit Rock City (1999),Comedy
2774,Better Than Chocolate (1999),Comedy|Romance
2779,Heaven Can Wait (1978),Comedy
2780,Raven, The (1963),Comedy|Horror
2786,Haunted Honeymoon (1986),Comedy
2788,And Now for Something Completely Different (1971),Comedy
2791,Airplane! (1980),Comedy
2792,Airplane II: The Sequel (1982),Comedy
2793,American Werewolf in Paris, An (1997),Comedy|Horror
2794,European Vacation (1985),Comedy
2795,Vacation (1983),Comedy
2796,Funny Farm (1988),Comedy
2797,Big (1988),Comedy|Fantasy
2798,Problem Child (1990),Comedy
2799,Problem Child 2 (1991),Comedy
2804,Christmas Story, A (1983),Comedy|Drama
2805,Mickey Blue Eyes (1999),Comedy|Romance
2806,Teaching Mrs. Tingle (1999),Comedy|Thriller
2809,Love Stinks (1999),Comedy
2811,With Friends Like These... (1998),Comedy
2828,Dudley Do-Right (1999),Children's|Comedy
2829,Muse, The (1999),Comedy|Drama
2834,Very Thought of You, The (1998),Comedy|Romance
2836,Outside Providence (1999),Comedy
2837,Bedrooms & Hallways (1998),Comedy|Romance
2838,I Woke Up Early the Day I Died (1998),Comedy
2843,Black Cat, White Cat (Crna macka, beli macor) (1998),Comedy|Romance
2849,Queens Logic (1991),Comedy|Drama
2858,American Beauty (1999),Comedy|Drama
2860,Blue Streak (1999),Comedy
2861,For Love of the Game (1999),Comedy|Drama
2863,Hard Day's Night, A (1964),Comedy|Musical
2864,Splendor (1999),Comedy
2865,Sugar Town (1999),Comedy
2867,Fright Night (1985),Comedy|Horror
2870,Barefoot in the Park (1967),Comedy
2874,Pajama Game, The (1957),Comedy
2879,Operation Condor (Feiying gaiwak) (1990),Action|Adventure|Comedy
2880,Operation Condor 2 (Longxiong hudi) (1990),Action|Adventure|Comedy
2883,Mumford (1999),Comedy
2884,Dog Park (1998),Comedy|Romance
2886,Adventures of Elmo in Grouchland, The (1999),Children's|Comedy
2888,Drive Me Crazy (1999),Comedy|Romance
2889,Mystery, Alaska (1999),Comedy
2891,Happy, Texas (1999),Comedy
2897,And the Ship Sails On (E la nave va) (1984),Comedy|War
2907,Superstar (1999),Comedy
2913,Mating Habits of the Earthbound Human, The (1998),Comedy
2914,Molly (1999),Comedy|Drama
2915,Risky Business (1983),Comedy
2918,Ferris Bueller's Day Off (1986),Comedy
2923,Citizen's Band (a.k.a. Handle with Care) (1977),Comedy
2924,Drunken Master (Zui quan) (1979),Action|Comedy
2926,Hairspray (1988),Comedy|Drama
2935,Lady Eve, The (1941),Comedy|Romance
2936,Sullivan's Travels (1942),Comedy
2937,Palm Beach Story, The (1942),Comedy
2946,Help! (1965),Comedy|Musical
2953,Home Alone 2: Lost in New York (1992),Children's|Comedy
2961,Story of Us, The (1999),Comedy|Drama
2962,Fever Pitch (1997),Comedy|Romance
2973,Crimes and Misdemeanors (1989),Comedy
2977,Crazy in Alabama (1999),Comedy|Drama
2978,Three to Tango (1999),Comedy|Romance
2997,Being John Malkovich (1999),Comedy
2999,Man of the Century (1999),Comedy
3003,Train of Life (Train De Vie) (1998),Comedy|Drama
3004,Bachelor, The (1999),Comedy|Romance
3012,Battling Butler (1926),Comedy
3013,Bride of Re-Animator (1990),Comedy|Horror
3014,Bustin' Loose (1981),Comedy
3022,General, The (1927),Comedy
3023,My Best Girl (1927),Comedy|Romance
3028,Taming of the Shrew, The (1967),Comedy
3030,Yojimbo (1961),Comedy|Drama|Western
3031,Repossessed (1990),Comedy
3033,Spaceballs (1987),Comedy|Sci-Fi
3035,Mister Roberts (1955),Comedy|Drama|War
3037,Little Big Man (1970),Comedy|Drama|Western
3039,Trading Places (1983),Comedy
3040,Meatballs (1979),Comedy
3041,Meatballs Part II (1984),Comedy
3042,Meatballs III (1987),Comedy
3043,Meatballs 4 (1992),Comedy
3045,Peter's Friends (1992),Comedy|Drama
3046,Incredibly True Adventure of Two Girls in Love, The (1995),Comedy|Romance
3048,Under the Rainbow (1981),Comedy
3049,How I Won the War (1967),Comedy|War
3052,Dogma (1999),Comedy
3057,Where's Marlowe? (1999),Comedy
3060,Commitments, The (1991),Comedy|Drama
3061,Holiday Inn (1942),Comedy|Musical
3067,Women on the Verge of a Nervous Breakdown (1988),Comedy|Drama
3070,Adventures of Buckaroo Bonzai Across the 8th Dimension, The (1984),Adventure|Comedy|Sci-Fi
3072,Moonstruck (1987),Comedy
3076,Irma la Douce (1963),Comedy
3083,All About My Mother (Todo Sobre Mi Madre) (1999),Comedy|Drama
3086,March of the Wooden Soldiers (a.k.a. Laurel & Hardy in Toyland) (1934),Comedy
3087,Scrooged (1988),Comedy
3088,Harvey (1950),Comedy
3096,My Man Godfrey (1957),Comedy
3097,Shop Around the Corner, The (1940),Comedy|Romance
3099,Shampoo (1975),Comedy|Romance
3104,Midnight Run (1988),Action|Adventure|Comedy|Crime
3108,Fisher King, The (1991),Comedy|Drama|Romance
3114,Toy Story 2 (1999),Animation|Children's|Comedy
3120,Distinguished Gentleman, The (1992),Comedy
3123,Spring Fever USA (a.k.a. Lauderdale) (1989),Comedy
3124,Agnes Browne (1999),Comedy|Drama
3129,Sweet and Lowdown (1999),Comedy|Drama
3130,Bonfire of the Vanities (1990),Comedy
3131,Broadway Damage (1997),Comedy
3132,Daddy Long Legs (1919),Comedy
3133,Go West (1925),Comedy
3140,Three Ages, The (1923),Comedy
3144,Glass Bottom Boat, The (1966),Comedy|Romance
3146,Deuce Bigalow: Male Gigolo (1999),Comedy
3156,Bicentennial Man (1999),Comedy|Drama|Sci-Fi
3157,Stuart Little (1999),Children's|Comedy
3162,Simpatico (1999),Comedy|Drama
3174,Man on the Moon (1999),Comedy|Drama
3175,Galaxy Quest (1999),Adventure|Comedy|Sci-Fi
3177,Next Friday (1999),Comedy
3180,Play it to the Bone (1999),Comedy|Drama
3184,Montana (1998),Action|Comedy|Crime|Drama
3189,My Dog Skip (1999),Comedy
3199,Pal Joey (1957),Comedy|Musical|Romance
3200,Last Detail, The (1973),Comedy|Drama
3208,Loaded Weapon 1 (1993),Action|Comedy
3210,Fast Times at Ridgemont High (1982),Comedy
3225,Down to You (2000),Comedy|Romance
3227,Not Love, Just Frenzy (Más que amor, frenesí) (1996),Comedy|Drama|Thriller
3228,Wirey Spindell (1999),Comedy
3231,Saphead, The (1920),Comedy
3232,Seven Chances (1925),Comedy
3233,Smashing Time (1967),Comedy
3234,Train Ride to Hollywood (1978),Comedy
3235,Where the Buffalo Roam (1980),Comedy
3239,Isn't She Great? (2000),Comedy
3240,Big Tease, The (1999),Comedy
3241,Cup, The (Phörpa) (1999),Comedy
3242,Santitos (1997),Comedy
3243,Encino Man (1992),Comedy
3244,Goodbye Girl, The (1977),Comedy|Romance
3247,Sister Act (1992),Comedy|Crime
3248,Sister Act 2: Back in the Habit (1993),Comedy
3253,Wayne's World (1992),Comedy
3254,Wayne's World 2 (1993),Comedy
3255,League of Their Own, A (1992),Comedy|Drama
3258,Death Becomes Her (1992),Comedy
3261,Singles (1992),Comedy|Drama|Romance
3263,White Men Can't Jump (1992),Comedy
3264,Buffy the Vampire Slayer (1992),Comedy|Horror
3266,Man Bites Dog (C'est arrivé près de chez vous) (1992),Action|Comedy|Crime|Drama
3268,Stop! Or My Mom Will Shoot (1992),Action|Comedy
3275,Boondock Saints, The (1999),Action|Comedy
3276,Gun Shy (2000),Comedy
3282,Different for Girls (1996),Comedy
3284,They Might Be Giants (1971),Comedy|Romance
3286,Snow Day (2000),Comedy
3290,Soft Toilet Seats (1999),Comedy
3299,Hanging Up (2000),Comedy|Drama
3301,Whole Nine Yards, The (2000),Comedy|Crime
3302,Beautiful People (1999),Comedy
3306,Circus, The (1928),Comedy
3307,City Lights (1931),Comedy|Drama|Romance
3308,Flamingo Kid, The (1984),Comedy|Drama
3309,Dog's Life, A (1920),Comedy
3313,Class Reunion (1982),Comedy
3317,Wonder Boys (2000),Comedy|Drama
3320,Mifune (Mifunes sidste sang) (1999),Comedy|Romance
3321,Waiting Game, The (2000),Comedy
3322,3 Strikes (2000),Comedy
3323,Chain of Fools (2000),Comedy|Crime
3324,Drowning Mona (2000),Comedy
3325,Next Best Thing, The (2000),Comedy|Drama
3326,What Planet Are You From? (2000),Comedy|Sci-Fi
3337,I'll Never Forget What's 'is Name (1967),Comedy|Drama
3341,Born Yesterday (1950),Comedy
3343,And God Created Woman (1988),Comedy|Drama|Romance
3349,Perils of Pauline, The (1947),Comedy
3353,Closer You Get, The (2000),Comedy|Romance
3358,Defending Your Life (1991),Comedy|Romance
3361,Bull Durham (1988),Comedy
3362,Dog Day Afternoon (1975),Comedy|Crime|Drama
3363,American Graffiti (1973),Comedy|Drama
3381,Slaves to the Underground (1997),Comedy|Drama
3385,Volunteers (1985),Comedy
3387,Who's Harry Crumb? (1989),Comedy
3388,Harry and the Hendersons (1987),Comedy
3391,Who's That Girl? (1987),Comedy
3392,She-Devil (1989),Comedy
3393,Date with an Angel (1987),Comedy|Fantasy
3394,Blind Date (1987),Comedy|Romance
3395,Nadine (1987),Comedy
3396,Muppet Movie, The (1979),Children's|Comedy
3397,Great Muppet Caper, The (1981),Children's|Comedy
3398,Muppets Take Manhattan, The (1984),Children's|Comedy
3399,Sesame Street Presents Follow That Bird (1985),Children's|Comedy
3407,Carriers Are Waiting, The (Les Convoyeurs Attendent) (1999),Comedy|Drama
3410,Soft Fruit (1999),Comedy|Drama
3417,Crimson Pirate, The (1952),Adventure|Comedy|Sci-Fi
3419,Something for Everyone (1970),Comedy|Crime
3421,Animal House (1978),Comedy
3422,She's Gotta Have It (1986),Comedy|Romance
3424,Do the Right Thing (1989),Comedy|Drama
3429,Creature Comforts (1990),Animation|Comedy
3446,Funny Bones (1995),Comedy
3448,Good Morning, Vietnam (1987),Comedy|Drama|War
3450,Grumpy Old Men (1993),Comedy
3451,Guess Who's Coming to Dinner (1967),Comedy|Drama
3454,Whatever It Takes (2000),Comedy|Romance
3460,Hillbillys in a Haunted House (1967),Comedy
3462,Modern Times (1936),Comedy
3463,Last Resort (1994),Comedy
3466,Heart and Souls (1993),Comedy|Fantasy
3473,Jonah Who Will Be 25 in the Year 2000 (1976),Comedy
3477,Empire Records (1995),Comedy|Drama
3481,High Fidelity (2000),Comedy
3491,My Chauffeur (1986),Comedy
3495,Roadside Prophets (1992),Comedy|Drama
3497,Max Dugan Returns (1983),Comedy
3500,Mr. Saturday Night (1992),Comedy|Drama
3501,Murphy's Romance (1985),Comedy|Romance
3504,Network (1976),Comedy|Drama
3506,North Dallas Forty (1979),Comedy|Drama
3507,Odd Couple, The (1968),Comedy
3511,Ready to Rumble (2000),Comedy
3515,Me Myself I (2000),Comedy
3516,Bell, Book and Candle (1958),Comedy|Romance
3520,How to Stuff a Wild Bikini (1965),Comedy
3521,Mystery Train (1989),Comedy|Crime|Drama
3524,Arthur (1981),Comedy|Romance
3525,Bachelor Party (1984),Comedy
3526,Parenthood (1989),Comedy|Drama
3530,Smoking/No Smoking (1993),Comedy
3531,All the Vermeers in New York (1990),Comedy|Drama|Romance
3532,Freedom for Us (À nous la liberté ) (1931),Comedy
3534,28 Days (2000),Comedy
3535,American Psycho (2000),Comedy|Horror|Thriller
3536,Keeping the Faith (2000),Comedy|Romance
3537,Where the Money Is (2000),Comedy|Drama
3538,East is East (1999),Comedy
3543,Diner (1982),Comedy|Drama
3544,Shakes the Clown (1991),Comedy
3548,Auntie Mame (1958),Comedy|Drama
3552,Caddyshack (1980),Comedy
3556,Virgin Suicides, The (1999),Comedy|Drama
3562,Committed (2000),Comedy|Drama
3564,Flintstones in Viva Rock Vegas, The (2000),Children's|Comedy
3565,Where the Heart Is (2000),Comedy|Drama
3566,Big Kahuna, The (2000),Comedy|Drama
3567,Bossa Nova (1999),Comedy
3569,Idiots, The (Idioterne) (1998),Comedy|Drama
3590,Lords of Flatbush, The (1974),Comedy
3591,Mr. Mom (1983),Comedy|Drama
3595,Held Up (2000),Comedy
3596,Screwed (2000),Comedy
3597,Whipped (2000),Comedy
3599,Anchors Aweigh (1945),Comedy|Musical
3600,Blue Hawaii (1961),Comedy|Musical
3601,Castaway Cowboy, The (1974),Comedy|Western
3603,Gay Deceivers, The (1969),Comedy
3607,One Little Indian (1973),Comedy|Drama|Western
3608,Pee-wee's Big Adventure (1985),Comedy
3611,Saludos Amigos (1943),Animation|Children's|Comedy
3613,Things Change (1988),Comedy
3614,Honeymoon in Vegas (1992),Comedy|Romance
3616,Loser (2000),Comedy|Romance
3617,Road Trip (2000),Comedy
3618,Small Time Crooks (2000),Comedy
3619,Hollywood Knights, The (1980),Comedy
3620,Myth of Fingerprints, The (1997),Comedy|Drama
3622,Twelve Chairs, The (1970),Comedy
3626,8 1/2 Women (1999),Comedy
3629,Gold Rush, The (1925),Comedy
3631,It's in the Water (1998),Comedy
3632,Monsieur Verdoux (1947),Comedy
3640,King in New York, A (1957),Comedy|Drama
3646,Big Momma's House (2000),Comedy
3667,Rent-A-Cop (1988),Action|Comedy
3669,Stay Tuned (1992),Comedy
3671,Blazing Saddles (1974),Comedy|Western
3685,Prizzi's Honor (1985),Comedy|Drama|Romance
3688,Porky's (1981),Comedy
3689,Porky's II: The Next Day (1983),Comedy
3690,Porky's Revenge (1985),Comedy
3691,Private School (1983),Comedy
3692,Class of Nuke 'Em High (1986),Comedy|Horror
3693,Toxic Avenger, The (1985),Comedy|Horror
3694,Toxic Avenger, Part II, The (1989),Comedy|Horror
3695,Toxic Avenger Part III: The Last Temptation of Toxie, The (1989),Comedy|Horror
3696,Night of the Creeps (1986),Comedy|Horror|Sci-Fi
3710,Action Jackson (1988),Action|Comedy
3712,Soapdish (1991),Comedy
3715,Burglar (1987),Comedy
3719,Love's Labour's Lost (2000),Comedy|Romance
3721,Trixie (1999),Comedy
3722,Live Virgin (1999),Comedy
3727,Near Dark (1987),Comedy|Horror
3739,Trouble in Paradise (1932),Comedy|Romance
3740,Big Trouble in Little China (1986),Action|Comedy
3743,Boys and Girls (2000),Comedy|Romance
3748,Match, The (1999),Comedy|Romance
3751,Chicken Run (2000),Animation|Children's|Comedy
3752,Me, Myself and Irene (2000),Comedy
3754,Adventures of Rocky and Bullwinkle, The (2000),Animation|Children's|Comedy
3760,Kentucky Fried Movie, The (1977),Comedy
3773,House Party (1990),Comedy
3774,House Party 2 (1991),Comedy
3777,Nekromantik (1987),Comedy|Horror
3778,On Our Merry Way (1948),Comedy|Drama
3784,Kid, The (2000),Comedy
3785,Scary Movie (2000),Comedy|Horror
3786,But I'm a Cheerleader (1999),Comedy
3787,Shower (Xizhao) (1999),Comedy
3794,Chuck & Buck (2000),Comedy|Drama
3804,H.O.T.S. (1979),Comedy
3809,What About Bob? (1991),Comedy
3812,Everything You Always Wanted to Know About Sex (1972),Comedy
3814,Love and Death (1975),Comedy
3817,Other Side of Sunday, The (Søndagsengler) (1996),Comedy|Drama
3818,Pot O' Gold (1941),Comedy|Musical
3819,Tampopo (1986),Comedy
3821,Nutty Professor II: The Klumps (2000),Comedy
3828,Better Living (1998),Comedy
3829,Mad About Mambo (2000),Comedy|Romance
3830,Psycho Beach Party (2000),Comedy|Horror|Thriller
3831,Saving Grace (2000),Comedy
3836,Kelly's Heroes (1970),Action|Comedy|War
3841,Air America (1990),Action|Comedy
3846,Easy Money (1983),Comedy
3851,I'm the One That I Want (2000),Comedy
3852,Tao of Steve, The (2000),Comedy
3858,Cecil B. Demented (2000),Comedy
3861,Replacements, The (2000),Comedy
3862,About Adam (2000),Comedy
3865,Original Kings of Comedy, The (2000),Comedy|Documentary
3866,Sunset Strip (2000),Comedy
3868,Naked Gun: From the Files of Police Squad!, The (1988),Comedy
3869,Naked Gun 2 1/2: The Smell of Fear, The (1991),Comedy
3873,Cat Ballou (1965),Comedy|Western
3874,Couch in New York, A (1996),Comedy|Romance
3882,Bring It On (2000),Comedy
3883,Catfish in Black Bean Sauce (2000),Comedy|Drama
3884,Crew, The (2000),Comedy
3885,Love & Sex (2000),Comedy|Romance
3893,Nurse Betty (2000),Comedy|Thriller
3897,Almost Famous (2000),Comedy|Drama
3898,Bait (2000),Action|Comedy
3899,Circus (2000),Comedy
3900,Crime and Punishment in Suburbia (2000),Comedy|Drama
3901,Duets (2000),Comedy|Drama
3905,Specials, The (2000),Comedy
3909,Woman on Top (2000),Comedy|Romance
3911,Best in Show (2000),Comedy
3912,Beautiful (2000),Comedy|Drama
3921,Beach Party (1963),Comedy
3922,Bikini Beach (1964),Comedy
3924,Pajama Party (1964),Comedy
3925,Stranger Than Paradise (1984),Comedy
3928,Abbott and Costello Meet Frankenstein (1948),Comedy|Horror
3929,Bank Dick, The (1940),Comedy
3943,Bamboozled (2000),Comedy
3944,Bootmen (2000),Comedy|Drama
3948,Meet the Parents (2000),Comedy
